engine,method,n_topics,npmi,umass,diversity
whisper,lda,6,0.07129363345294536,-0.16944942263835502,0.8333333333333334
whisper,bertopic,2,0.004301355224048163,-0.13463328769326344,1.0
whisper,nmf,6,0.06379544989081899,-0.222857287777693,0.8833333333333333
lelapa,lda,6,0.0575796770195001,-0.16105063623702962,0.7
lelapa,bertopic,2,0.0019789989825065076,-0.1320285454187141,1.0
lelapa,nmf,6,0.060286948495763465,-0.22153542280919683,0.8666666666666667
wav2vec,lda,6,0.025072105560661584,-0.1950220989208341,0.65
wav2vec,bertopic,2,0.01799058260752712,-0.15729701273101634,1.0
wav2vec,nmf,6,0.05954741978549278,-0.2503706096052165,0.8833333333333333
